# ************************************************************
# Sequel Pro SQL dump
# Version 3408
#
# http://www.sequelpro.com/
# http://code.google.com/p/sequel-pro/
#
# Host: instance33457.db.xeround.com (MySQL 5.1.42)
# Database: getstatus
# Generation Time: 2012-12-07 00:54:12 +0000
# ************************************************************


/*!40101 SET @OLD_CHARACTER_SET_CLIENT=@@CHARACTER_SET_CLIENT */;
/*!40101 SET @OLD_CHARACTER_SET_RESULTS=@@CHARACTER_SET_RESULTS */;
/*!40101 SET @OLD_COLLATION_CONNECTION=@@COLLATION_CONNECTION */;
/*!40101 SET NAMES utf8 */;
/*!40014 SET @OLD_FOREIGN_KEY_CHECKS=@@FOREIGN_KEY_CHECKS, FOREIGN_KEY_CHECKS=0 */;
/*!40101 SET @OLD_SQL_MODE=@@SQL_MODE, SQL_MODE='NO_AUTO_VALUE_ON_ZERO' */;
/*!40111 SET @OLD_SQL_NOTES=@@SQL_NOTES, SQL_NOTES=0 */;


# Dump of table origin
# ------------------------------------------------------------

DROP TABLE IF EXISTS `origin`;

CREATE TABLE `origin` (
  `id` int(11) NOT NULL AUTO_INCREMENT,
  `url` varchar(255) COLLATE utf8_bin NOT NULL,
  `created` timestamp NOT NULL DEFAULT CURRENT_TIMESTAMP,
  PRIMARY KEY (`id`)
) ENGINE=Xeround DEFAULT CHARSET=utf8 COLLATE=utf8_bin;

LOCK TABLES `origin` WRITE;
/*!40000 ALTER TABLE `origin` DISABLE KEYS */;

INSERT INTO `origin` (`id`, `url`, `created`)
VALUES
	(4,X'757461682E696E7374727563747572652E636F6D','2012-12-04 21:17:00'),
	(2,X'4E6F6E65','2012-12-04 21:16:05'),
	(6,X'676574737461742E7573','2012-12-05 20:22:46'),
	(1,X'7777772E66616365626F6F6B2E636F6D','2012-12-04 21:15:53'),
	(3,X'742E636F','2012-12-04 21:16:16'),
	(7,X'6C6F63616C686F7374','2012-12-05 22:24:29'),
	(5,X'666964646C652E6A7368656C6C2E6E6574','2012-12-04 21:17:20');

/*!40000 ALTER TABLE `origin` ENABLE KEYS */;
UNLOCK TABLES;


# Dump of table stats
# ------------------------------------------------------------

DROP TABLE IF EXISTS `stats`;

CREATE TABLE `stats` (
  `id` int(11) NOT NULL AUTO_INCREMENT,
  `url_id` int(11) NOT NULL,
  `origin_id` int(11) NOT NULL,
  `created` timestamp NOT NULL DEFAULT CURRENT_TIMESTAMP,
  PRIMARY KEY (`id`)
) ENGINE=Xeround DEFAULT CHARSET=utf8 COLLATE=utf8_bin;

LOCK TABLES `stats` WRITE;
/*!40000 ALTER TABLE `stats` DISABLE KEYS */;

INSERT INTO `stats` (`id`, `url_id`, `origin_id`, `created`)
VALUES
	(15,6,2,'2012-12-04 23:53:03'),
	(27,6,6,'2012-12-05 20:22:49'),
	(39,9,2,'2012-12-05 21:11:11'),
	(3,6,3,'2012-12-04 21:16:16'),
	(34,6,2,'2012-12-05 20:37:13'),
	(46,3,7,'2012-12-05 23:25:18'),
	(10,6,3,'2012-12-02 21:17:00'),
	(22,9,2,'2012-12-05 20:22:11'),
	(35,6,6,'2012-12-05 21:02:00'),
	(11,6,2,'2012-12-02 21:17:00'),
	(23,9,1,'2012-12-05 21:17:00'),
	(47,3,2,'2012-12-05 23:28:51'),
	(17,8,2,'2012-12-05 12:57:19'),
	(41,3,7,'2012-12-05 22:26:44'),
	(5,6,2,'2012-12-04 21:16:43'),
	(29,6,1,'2012-12-05 20:23:11'),
	(37,9,1,'2012-12-01 21:17:00'),
	(13,6,3,'2012-12-04 22:00:17'),
	(25,9,1,'2012-12-06 21:17:00'),
	(1,6,1,'2012-12-04 21:15:53'),
	(49,6,2,'2012-12-06 03:38:03'),
	(12,6,3,'2012-12-04 21:41:19'),
	(36,9,1,'2012-12-05 21:10:57'),
	(24,9,2,'2012-12-06 21:17:00'),
	(48,6,2,'2012-12-06 03:38:02'),
	(19,9,2,'2012-12-03 21:17:00'),
	(7,6,4,'2012-12-02 21:17:00'),
	(31,6,6,'2012-12-05 20:23:32'),
	(43,3,7,'2012-12-03 21:17:00'),
	(30,6,2,'2012-12-05 20:23:26'),
	(42,3,7,'2012-12-05 22:33:15'),
	(6,6,4,'2012-12-03 21:17:00'),
	(18,9,2,'2012-12-03 21:17:00'),
	(26,9,6,'2012-12-06 21:17:00'),
	(2,6,2,'2012-12-04 21:16:05'),
	(14,6,2,'2012-12-04 22:57:24'),
	(38,9,1,'2012-12-01 21:17:00'),
	(16,6,2,'2012-12-04 23:53:12'),
	(28,6,6,'2012-12-05 20:22:54'),
	(40,3,7,'2012-12-05 22:24:29'),
	(4,6,3,'2012-12-04 21:16:30'),
	(20,9,2,'2012-12-03 21:17:00'),
	(8,6,5,'2012-12-02 21:17:00'),
	(32,9,1,'2012-12-05 20:37:07'),
	(44,3,7,'2012-12-04 22:57:24'),
	(21,9,2,'2012-12-05 20:21:52'),
	(33,9,2,'2012-12-05 20:37:10'),
	(9,6,2,'2012-12-02 21:17:00'),
	(45,3,7,'2012-12-06 22:57:24');

/*!40000 ALTER TABLE `stats` ENABLE KEYS */;
UNLOCK TABLES;


# Dump of table urls
# ------------------------------------------------------------

DROP TABLE IF EXISTS `urls`;

CREATE TABLE `urls` (
  `id` int(11) NOT NULL AUTO_INCREMENT,
  `user_id` int(11) NOT NULL,
  `destination` varchar(255) COLLATE utf8_bin NOT NULL,
  `short` varchar(255) COLLATE utf8_bin NOT NULL,
  `created` timestamp NOT NULL DEFAULT CURRENT_TIMESTAMP,
  PRIMARY KEY (`id`)
) ENGINE=Xeround DEFAULT CHARSET=utf8 COLLATE=utf8_bin;

LOCK TABLES `urls` WRITE;
/*!40000 ALTER TABLE `urls` DISABLE KEYS */;

INSERT INTO `urls` (`id`, `user_id`, `destination`, `short`, `created`)
VALUES
	(1,0,X'687474703A2F2F7777772E7765626170706572732E636F6D',X'76483663684B556B6764','2012-12-03 23:55:38'),
	(9,2,X'68747470733A2F2F676F2E757461682E6564752F6361732F6C6F67696E3F736572766963653D6874747073253341253246253246757461682E696E7374727563747572652E636F6D2532466C6F67696E253246636173',X'4A73794D454B4B333734','2012-12-05 20:20:43'),
	(8,0,X'687474703A2F2F646176696477656C63682E636F',X'684C6F52494B6868356C','2012-12-05 12:57:13'),
	(3,1,X'687474703A2F2F7777772E646F636875622E696F',X'73475047587050787267','2012-12-04 00:22:07'),
	(4,0,X'687474703A2F2F7777772E6170706C652E636F6D',X'4444746A4D61427A6C6A','2012-12-04 00:23:12'),
	(2,1,X'687474703A2F2F7777772E68756C752E636F6D',X'4A38635576724171546C','2012-12-04 00:20:16'),
	(5,0,X'687474703A2F2F7777772E6170706C652E636F6D',X'5565424C51484C586D78','2012-12-04 00:24:43'),
	(7,0,X'687474703A2F2F7961686F6F2E636F6D',X'464670456F6E4558426B','2012-12-04 20:21:29'),
	(6,2,X'687474703A2F2F636E6E2E636F6D',X'63463453483778776368','2012-12-04 19:34:19');

/*!40000 ALTER TABLE `urls` ENABLE KEYS */;
UNLOCK TABLES;


# Dump of table users
# ------------------------------------------------------------

DROP TABLE IF EXISTS `users`;

CREATE TABLE `users` (
  `id` int(11) NOT NULL AUTO_INCREMENT,
  `name` varchar(255) COLLATE utf8_bin NOT NULL,
  `email` varchar(255) COLLATE utf8_bin NOT NULL,
  `password` varchar(255) COLLATE utf8_bin NOT NULL,
  `created` timestamp NOT NULL DEFAULT CURRENT_TIMESTAMP,
  PRIMARY KEY (`id`)
) ENGINE=Xeround DEFAULT CHARSET=utf8 COLLATE=utf8_bin;

LOCK TABLES `users` WRITE;
/*!40000 ALTER TABLE `users` DISABLE KEYS */;

INSERT INTO `users` (`id`, `name`, `email`, `password`, `created`)
VALUES
	(2,X'4C617572656E204A6F686E736F6E',X'6A6F686E736F6E6C617572656E31323340676D61696C2E636F6D',X'243261243038246733354147424A534A63475445582F63487456692F755A667A6C2F766C484F4B6C5866732F4D4F6B364F335A6C5A7976356A73714F','2012-12-04 01:01:22'),
	(1,X'416E647265204B7261646F6C666572',X'6E61726664726540676D61696C2E636F6D',X'24326124303824586F7433343478367241434E615732776776594D4E654D70664C35412F685A2F667A45725A4A476E4748554C6D5A566F74344E6A43','2012-12-03 23:52:45');

/*!40000 ALTER TABLE `users` ENABLE KEYS */;
UNLOCK TABLES;



/*!40111 SET SQL_NOTES=@OLD_SQL_NOTES */;
/*!40101 SET SQL_MODE=@OLD_SQL_MODE */;
/*!40014 SET FOREIGN_KEY_CHECKS=@OLD_FOREIGN_KEY_CHECKS */;
/*!40101 SET CHARACTER_SET_CLIENT=@OLD_CHARACTER_SET_CLIENT */;
/*!40101 SET CHARACTER_SET_RESULTS=@OLD_CHARACTER_SET_RESULTS */;
/*!40101 SET COLLATION_CONNECTION=@OLD_COLLATION_CONNECTION */;
